Match Day II;DSK;md2.dsk;DSK;disc;---;;---;;---
La Abadia del Crimen;DSK;abadia.dsk;CPM;;---;;---;;---
Batman 3D;DIR;juegos;DIR;batman;RUN;batman.bas;---;;---
Match Day II;DSK;md2.dsk;DSK;disc;---;;---;;---
La Abadia del Crimen;DSK;abadia.dsk;CPM;;---;;---;;---
Batman 3D;DIR;juegos;DIR;batman;RUN;batman.bas;---;;---
Match Day II;DSK;md2.dsk;DSK;disc;---;;---;;---
La Abadia del Crimen;DSK;abadia.dsk;CPM;;---;;---;;---
Batman 3D;DIR;juegos;DIR;batman;RUN;batman.bas;---;;---
Match Day II;DSK;md2.dsk;DSK;disc;---;;---;;---
La Abadia del Crimen;DSK;abadia.dsk;CPM;;---;;---;;---
Batman 3D;DIR;juegos;DIR;batman;RUN;batman.bas;---;;---
Match Day II;DSK;md2.dsk;DSK;disc;---;;---;;---
La Abadia del Crimen;DSK;abadia.dsk;CPM;;---;;---;;---
Batman 3D;DIR;juegos;DIR;batman;RUN;batman.bas;---;;---
Match Day II;DSK;md2.dsk;DSK;disc;---;;---;;---
La Abadia del Crimen;DSK;abadia.dsk;CPM;;---;;---;;---
Batman 3D;DIR;juegos;DIR;batman;RUN;batman.bas;---;;---
Match Day II;DSK;md2.dsk;DSK;disc;---;;---;;---
La Abadia del Crimen;DSK;abadia.dsk;CPM;;---;;---;;---
Batman 3D;DIR;juegos;DIR;batman;RUN;batman.bas;---;;---
Match Day II;DSK;md2.dsk;DSK;disc;---;;---;;---
La Abadia del Crimen;DSK;abadia.dsk;CPM;;---;;---;;---
Batman 3D;DIR;juegos;DIR;batman;RUN;batman.bas;---;;---
Match Day II;DSK;md2.dsk;DSK;disc;---;;---;;---
La Abadia del Crimen;DSK;abadia.dsk;CPM;;---;;---;;---
Batman 3D;DIR;juegos;DIR;batman;RUN;batman.bas;---;;---
Match Day II;DSK;md2.dsk;DSK;disc;---;;---;;---
La Abadia del Crimen;DSK;abadia.dsk;CPM;;---;;---;;---
Batman 3D;DIR;juegos;DIR;batman;RUN;batman.bas;---;;---
Match Day II;DSK;md2.dsk;DSK;disc;---;;---;;---
La Abadia del Crimen;DSK;abadia.dsk;CPM;;---;;---;;---
Batman 3D;DIR;juegos;DIR;batman;RUN;batman.bas;---;;---
Match Day II;DSK;md2.dsk;DSK;disc;---;;---;;---
La Abadia del Crimen;DSK;abadia.dsk;CPM;;---;;---;;---
Batman 3D;DIR;juegos;DIR;batman;RUN;batman.bas;---;;---
Match Day II;DSK;md2.dsk;DSK;disc;---;;---;;---
La Abadia del Crimen;DSK;abadia.dsk;CPM;;---;;---;;---
Batman 3D;DIR;juegos;DIR;batman;RUN;batman.bas;---;;---
Match Day II;DSK;md2.dsk;DSK;disc;---;;---;;---
La Abadia del Crimen;DSK;abadia.dsk;CPM;;---;;---;;---
Batman 3D;DIR;juegos;DIR;batman;RUN;batman.bas;---;;---
Match Day II;DSK;md2.dsk;DSK;disc;---;;---;;---
La Abadia del Crimen;DSK;abadia.dsk;CPM;;---;;---;;---
Batman 3D;DIR;juegos;DIR;batman;RUN;batman.bas;---;;---
Match Day II;DSK;md2.dsk;DSK;disc;---;;---;;---
La Abadia del Crimen;DSK;abadia.dsk;CPM;;---;;---;;---
Batman 3D;DIR;juegos;DIR;batman;RUN;batman.bas;---;;---
Match Day II;DSK;md2.dsk;DSK;disc;---;;---;;---
La Abadia del Crimen;DSK;abadia.dsk;CPM;;---;;---;;---
Batman 3D;DIR;juegos;DIR;batman;RUN;batman.bas;---;;---
Match Day II;DSK;md2.dsk;DSK;disc;---;;---;;---
La Abadia del Crimen;DSK;abadia.dsk;CPM;;---;;---;;---
Batman 3D;DIR;juegos;DIR;batman;RUN;batman.bas;---;;---
Match Day II;DSK;md2.dsk;DSK;disc;---;;---;;---
La Abadia del Crimen;DSK;abadia.dsk;CPM;;---;;---;;---
Batman 3D;DIR;juegos;DIR;batman;RUN;batman.bas;---;;---
Match Day II;DSK;md2.dsk;DSK;disc;---;;---;;---
La Abadia del Crimen;DSK;abadia.dsk;CPM;;---;;---;;---
Batman 3D;DIR;juegos;DIR;batman;RUN;batman.bas;---;;---
Match Day II;DSK;md2.dsk;DSK;disc;---;;---;;---
La Abadia del Crimen;DSK;abadia.dsk;CPM;;---;;---;;---
Batman 3D;DIR;juegos;DIR;batman;RUN;batman.bas;---;;---
Match Day II;DSK;md2.dsk;DSK;disc;---;;---;;---
La Abadia del Crimen;DSK;abadia.dsk;CPM;;---;;---;;---
Batman 3D;DIR;juegos;DIR;batman;RUN;batman.bas;---;;---
Match Day II;DSK;md2.dsk;DSK;disc;---;;---;;---
La Abadia del Crimen;DSK;abadia.dsk;CPM;;---;;---;;---
Batman 3D;DIR;juegos;DIR;batman;RUN;batman.bas;---;;---
Match Day II;DSK;md2.dsk;DSK;disc;---;;---;;---
La Abadia del Crimen;DSK;abadia.dsk;CPM;;---;;---;;---
Batman 3D;DIR;juegos;DIR;batman;RUN;batman.bas;---;;---
Match Day II;DSK;md2.dsk;DSK;disc;---;;---;;---
La Abadia del Crimen;DSK;abadia.dsk;CPM;;---;;---;;---
Batman 3D;DIR;juegos;DIR;batman;RUN;batman.bas;---;;---
Match Day II;DSK;md2.dsk;DSK;disc;---;;---;;---
La Abadia del Crimen;DSK;abadia.dsk;CPM;;---;;---;;---
Batman 3D;DIR;juegos;DIR;batman;RUN;batman.bas;---;;---
Match Day II;DSK;md2.dsk;DSK;disc;---;;---;;---
La Abadia del Crimen;DSK;abadia.dsk;CPM;;---;;---;;---
Batman 3D;DIR;juegos;DIR;batman;RUN;batman.bas;---;;---
Match Day II;DSK;md2.dsk;DSK;disc;---;;---;;---
La Abadia del Crimen;DSK;abadia.dsk;CPM;;---;;---;;---
Batman 3D;DIR;juegos;DIR;batman;RUN;batman.bas;---;;---
Match Day II;DSK;md2.dsk;DSK;disc;---;;---;;---
La Abadia del Crimen;DSK;abadia.dsk;CPM;;---;;---;;---
Batman 3D;DIR;juegos;DIR;batman;RUN;batman.bas;---;;---
Match Day II;DSK;md2.dsk;DSK;disc;---;;---;;---
La Abadia del Crimen;DSK;abadia.dsk;CPM;;---;;---;;---
Batman 3D;DIR;juegos;DIR;batman;RUN;batman.bas;---;;---
Match Day II;DSK;md2.dsk;DSK;disc;---;;---;;---
La Abadia del Crimen;DSK;abadia.dsk;CPM;;---;;---;;---
Batman 3D;DIR;juegos;DIR;batman;RUN;batman.bas;---;;---
Match Day II;DSK;md2.dsk;DSK;disc;---;;---;;---
La Abadia del Crimen;DSK;abadia.dsk;CPM;;---;;---;;---
Batman 3D;DIR;juegos;DIR;batman;RUN;batman.bas;---;;---
Match Day II;DSK;md2.dsk;DSK;disc;---;;---;;---
La Abadia del Crimen;DSK;abadia.dsk;CPM;;---;;---;;---
Batman 3D;DIR;juegos;DIR;batman;RUN;batman.bas;---;;---
Match Day II;DSK;md2.dsk;DSK;disc;---;;---;;---
La Abadia del Crimen;DSK;abadia.dsk;CPM;;---;;---;;---
Batman 3D;DIR;juegos;DIR;batman;RUN;batman.bas;---;;---
Match Day II;DSK;md2.dsk;DSK;disc;---;;---;;---
La Abadia del Crimen;DSK;abadia.dsk;CPM;;---;;---;;---
Batman 3D;DIR;juegos;DIR;batman;RUN;batman.bas;---;;---
Match Day II;DSK;md2.dsk;DSK;disc;---;;---;;---
La Abadia del Crimen;DSK;abadia.dsk;CPM;;---;;---;;---
Batman 3D;DIR;juegos;DIR;batman;RUN;batman.bas;---;;---
Match Day II;DSK;md2.dsk;DSK;disc;---;;---;;---
La Abadia del Crimen;DSK;abadia.dsk;CPM;;---;;---;;---
Batman 3D;DIR;juegos;DIR;batman;RUN;batman.bas;---;;---
Match Day II;DSK;md2.dsk;DSK;disc;---;;---;;---
La Abadia del Crimen;DSK;abadia.dsk;CPM;;---;;---;;---
Batman 3D;DIR;juegos;DIR;batman;RUN;batman.bas;---;;---
Match Day II;DSK;md2.dsk;DSK;disc;---;;---;;---
La Abadia del Crimen;DSK;abadia.dsk;CPM;;---;;---;;---
Batman 3D;DIR;juegos;DIR;batman;RUN;batman.bas;---;;---
Match Day II;DSK;md2.dsk;DSK;disc;---;;---;;---
La Abadia del Crimen;DSK;abadia.dsk;CPM;;---;;---;;---
Batman 3D;DIR;juegos;DIR;batman;RUN;batman.bas;---;;---
